{
    "name": "Quantum-Teleporter",
    "version": "0.0.6",
    "title": "Quantum Teleporter",
    "author": "LUIS DAS ARTIMANAHS",
    "contact": "example@gmail.com",
    "homepage": "https://github.com/LUISDASARTIMANHAS",
    "description": "Objetivo desse mod para o jogo factorio e teleportar o jogador para qualquer lugar do mapa e dos planetas da dlc space age.",
    "factorio_version": "2.0",
    "dependencies": [
        "base >= 2.0.0",
        "space-age"
    ],
    "license": "GNU General Public License v3.0",
    "thumbnail": "thumbnail.png"
}
